Id,Label,is_mutation,size
1M,,False,10
2F,,False,10
3V,,False,10
4F,,False,10
5L,5L,True,20
6V,,False,10
7L,,False,10
8L,,False,10
9P,9P,True,20
10L,,False,10
11V,,False,10
12S,,False,10
13S,13S,True,20
14Q,,False,10
15C,,False,10
16V,,False,10
17N,,False,10
18L,18L,True,20
19T,19T,True,20
20T,20T,True,20
21R,,False,10
22T,,False,10
23Q,,False,10
24L,24L,True,20
25P,,False,10
26P,26P,True,20
27A,,False,10
28Y,,False,10
29T,,False,10
30N,,False,10
31S,,False,10
32F,,False,10
33T,,False,10
34R,,False,10
35G,,False,10
36V,,False,10
37Y,,False,10
38Y,,False,10
39P,,False,10
40D,,False,10
41K,,False,10
42V,,False,10
43F,,False,10
44R,,False,10
45S,,False,10
46S,,False,10
47V,,False,10
48L,,False,10
49H,,False,10
50S,,False,10
51T,,False,10
52Q,52Q,True,20
53D,,False,10
54L,,False,10
55F,,False,10
56L,,False,10
57P,,False,10
58F,,False,10
59F,,False,10
60S,,False,10
61N,,False,10
62V,,False,10
63T,,False,10
64W,,False,10
65F,,False,10
66H,,False,10
67A,67A,True,20
68I,,False,10
69H,,False,10
70V,,False,10
71S,,False,10
72G,,False,10
73T,,False,10
74N,,False,10
75G,75G,True,20
76T,76T,True,20
77K,,False,10
78R,,False,10
79F,,False,10
80D,80D,True,20
81N,,False,10
82P,,False,10
83V,,False,10
84L,,False,10
85P,,False,10
86F,,False,10
87N,,False,10
88D,,False,10
89G,,False,10
90V,,False,10
91Y,,False,10
92F,,False,10
93A,,False,10
94S,,False,10
95T,95T,True,20
96E,,False,10
97K,,False,10
98S,,False,10
99N,,False,10
100I,,False,10
101I,,False,10
102R,,False,10
103G,,False,10
104W,,False,10
105I,,False,10
106F,,False,10
107G,,False,10
108T,,False,10
109T,,False,10
110L,,False,10
111D,,False,10
112S,,False,10
113K,,False,10
114T,,False,10
115Q,,False,10
116S,,False,10
117L,,False,10
118L,,False,10
119I,,False,10
120V,,False,10
121N,,False,10
122N,,False,10
123A,,False,10
124T,,False,10
125N,,False,10
126V,126V,True,20
127V,,False,10
128I,,False,10
129K,,False,10
130V,,False,10
131C,,False,10
132E,,False,10
133F,,False,10
134Q,,False,10
135F,,False,10
136C,136C,True,20
137N,,False,10
138D,138D,True,20
139P,,False,10
140F,,False,10
141L,,False,10
142G,142G,True,20
143V,,False,10
144Y,,False,10
145Y,145Y,True,20
146H,,False,10
147K,,False,10
148N,,False,10
149N,,False,10
150K,,False,10
151S,,False,10
152W,152W,True,20
153M,,False,10
154E,,False,10
155S,,False,10
156E,156E,True,20
157F,157F,True,20
158R,,False,10
159V,,False,10
160Y,,False,10
161S,,False,10
162S,,False,10
163A,,False,10
164N,,False,10
165N,,False,10
166C,,False,10
167T,,False,10
168F,,False,10
169E,,False,10
170Y,,False,10
171V,,False,10
172S,,False,10
173Q,,False,10
174P,,False,10
175F,,False,10
176L,,False,10
177M,,False,10
178D,,False,10
179L,,False,10
180E,,False,10
181G,,False,10
182K,,False,10
183Q,,False,10
184G,,False,10
185N,,False,10
186F,,False,10
187K,,False,10
188N,,False,10
189L,,False,10
190R,190R,True,20
191E,,False,10
192F,,False,10
193V,,False,10
194F,,False,10
195K,,False,10
196N,,False,10
197I,,False,10
198D,,False,10
199G,,False,10
200Y,,False,10
201F,,False,10
202K,,False,10
203I,,False,10
204Y,,False,10
205S,,False,10
206K,,False,10
207H,,False,10
208T,,False,10
209P,,False,10
210I,,False,10
211N,211N,True,20
212L,,False,10
213V,213V,True,20
214R,,False,10
215D,215D,True,20
216L,,False,10
217P,,False,10
218Q,,False,10
219G,,False,10
220F,,False,10
221S,,False,10
222A,222A,True,20
223L,,False,10
224E,,False,10
225P,,False,10
226L,,False,10
227V,,False,10
228D,,False,10
229L,,False,10
230P,,False,10
231I,,False,10
232G,,False,10
233I,,False,10
234N,,False,10
235I,,False,10
236T,,False,10
237R,,False,10
238F,,False,10
239Q,,False,10
240T,,False,10
241L,,False,10
242L,,False,10
243A,,False,10
244L,,False,10
245H,245H,True,20
246R,246R,True,20
247S,,False,10
248Y,,False,10
249L,,False,10
250T,,False,10
251P,,False,10
252G,,False,10
253D,253D,True,20
254S,,False,10
255S,,False,10
256S,,False,10
257G,,False,10
258W,,False,10
259T,,False,10
260A,,False,10
261G,,False,10
262A,,False,10
263A,,False,10
264A,,False,10
265Y,,False,10
266Y,,False,10
267V,,False,10
268G,,False,10
269Y,,False,10
270L,,False,10
271Q,,False,10
272P,,False,10
273R,,False,10
274T,,False,10
275F,,False,10
276L,,False,10
277L,,False,10
278K,,False,10
279Y,,False,10
280N,,False,10
281E,,False,10
282N,,False,10
283G,,False,10
284T,,False,10
285I,,False,10
286T,,False,10
287D,,False,10
288A,,False,10
289V,,False,10
290D,,False,10
291C,,False,10
292A,,False,10
293L,,False,10
294D,,False,10
295P,,False,10
296L,,False,10
297S,,False,10
298E,,False,10
299T,,False,10
300K,,False,10
301C,,False,10
302T,,False,10
303L,,False,10
304K,,False,10
305S,,False,10
306F,,False,10
307T,,False,10
308V,,False,10
309E,,False,10
310K,,False,10
311G,,False,10
312I,,False,10
313Y,,False,10
314Q,,False,10
315T,,False,10
316S,,False,10
317N,,False,10
318F,,False,10
319R,,False,10
320V,,False,10
321Q,,False,10
322P,,False,10
323T,,False,10
324E,,False,10
325S,,False,10
326I,,False,10
327V,,False,10
328R,,False,10
329F,,False,10
330P,,False,10
331N,,False,10
332I,,False,10
333T,,False,10
334N,,False,10
335L,,False,10
336C,,False,10
337P,,False,10
338F,,False,10
339G,339G,True,20
340E,,False,10
341V,,False,10
342F,,False,10
343N,,False,10
344A,,False,10
345T,,False,10
346R,346R,True,20
347F,,False,10
348A,,False,10
349S,,False,10
350V,,False,10
351Y,,False,10
352A,,False,10
353W,,False,10
354N,,False,10
355R,,False,10
356K,,False,10
357R,,False,10
358I,,False,10
359S,,False,10
360N,,False,10
361C,,False,10
362V,,False,10
363A,,False,10
364D,,False,10
365Y,,False,10
366S,,False,10
367V,367V,True,20
368L,,False,10
369Y,,False,10
370N,,False,10
371S,371S,True,20
372A,,False,10
373S,373S,True,20
374F,,False,10
375S,375S,True,20
376T,376T,True,20
377F,,False,10
378K,,False,10
379C,,False,10
380Y,,False,10
381G,,False,10
382V,,False,10
383S,,False,10
384P,384P,True,20
385T,,False,10
386K,,False,10
387L,,False,10
388N,,False,10
389D,,False,10
390L,,False,10
391C,,False,10
392F,,False,10
393T,,False,10
394N,,False,10
395V,,False,10
396Y,,False,10
397A,,False,10
398D,,False,10
399S,,False,10
400F,,False,10
401V,,False,10
402I,,False,10
403R,,False,10
404G,,False,10
405D,405D,True,20
406E,,False,10
407V,,False,10
408R,408R,True,20
409Q,,False,10
410I,,False,10
411A,,False,10
412P,,False,10
413G,,False,10
414Q,,False,10
415T,,False,10
416G,,False,10
417K,417K,True,20
418I,,False,10
419A,,False,10
420D,,False,10
421Y,,False,10
422N,,False,10
423Y,,False,10
424K,,False,10
425L,,False,10
426P,,False,10
427D,,False,10
428D,,False,10
429F,,False,10
430T,,False,10
431G,,False,10
432C,,False,10
433V,,False,10
434I,,False,10
435A,,False,10
436W,,False,10
437N,,False,10
438S,,False,10
439N,439N,True,20
440N,440N,True,20
441L,,False,10
442D,,False,10
443S,,False,10
444K,,False,10
445V,,False,10
446G,,False,10
447G,,False,10
448N,,False,10
449Y,449Y,True,20
450N,,False,10
451Y,,False,10
452L,452L,True,20
453Y,,False,10
454R,,False,10
455L,,False,10
456F,,False,10
457R,,False,10
458K,,False,10
459S,,False,10
460N,,False,10
461L,,False,10
462K,,False,10
463P,,False,10
464F,,False,10
465E,,False,10
466R,,False,10
467D,,False,10
468I,,False,10
469S,,False,10
470T,,False,10
471E,,False,10
472I,,False,10
473Y,,False,10
474Q,,False,10
475A,,False,10
476G,,False,10
477S,477S,True,20
478T,478T,True,20
479P,,False,10
480C,,False,10
481N,,False,10
482G,,False,10
483V,,False,10
484E,484E,True,20
485G,,False,10
486F,486F,True,20
487N,,False,10
488C,,False,10
489Y,,False,10
490F,490F,True,20
491P,,False,10
492L,,False,10
493Q,493Q,True,20
494S,494S,True,20
495Y,,False,10
496G,496G,True,20
497F,,False,10
498Q,498Q,True,20
499P,,False,10
500T,,False,10
501N,501N,True,20
502G,,False,10
503V,,False,10
504G,,False,10
505Y,505Y,True,20
506Q,,False,10
507P,,False,10
508Y,,False,10
509R,,False,10
510V,,False,10
511V,,False,10
512V,,False,10
513L,,False,10
514S,,False,10
515F,,False,10
516E,516E,True,20
517L,,False,10
518L,,False,10
519H,,False,10
520A,,False,10
521P,,False,10
522A,,False,10
523T,,False,10
524V,,False,10
525C,,False,10
526G,,False,10
527P,,False,10
528K,,False,10
529K,,False,10
530S,,False,10
531T,,False,10
532N,,False,10
533L,,False,10
534V,,False,10
535K,,False,10
536N,,False,10
537K,,False,10
538C,,False,10
539V,,False,10
540N,,False,10
541F,,False,10
542N,,False,10
543F,,False,10
544N,,False,10
545G,,False,10
546L,,False,10
547T,547T,True,20
548G,,False,10
549T,,False,10
550G,,False,10
551V,,False,10
552L,,False,10
553T,,False,10
554E,,False,10
555S,,False,10
556N,,False,10
557K,,False,10
558K,,False,10
559F,,False,10
560L,,False,10
561P,,False,10
562F,,False,10
563Q,,False,10
564Q,,False,10
565F,,False,10
566G,,False,10
567R,,False,10
568D,,False,10
569I,,False,10
570A,570A,True,20
571D,,False,10
572T,,False,10
573T,,False,10
574D,,False,10
575A,,False,10
576V,,False,10
577R,,False,10
578D,,False,10
579P,,False,10
580Q,,False,10
581T,,False,10
582L,,False,10
583E,,False,10
584I,,False,10
585L,,False,10
586D,,False,10
587I,,False,10
588T,,False,10
589P,,False,10
590C,,False,10
591S,,False,10
592F,,False,10
593G,,False,10
594G,,False,10
595V,,False,10
596S,,False,10
597V,,False,10
598I,,False,10
599T,,False,10
600P,,False,10
601G,,False,10
602T,,False,10
603N,,False,10
604T,,False,10
605S,,False,10
606N,,False,10
607Q,,False,10
608V,,False,10
609A,,False,10
610V,,False,10
611L,,False,10
612Y,,False,10
613Q,613Q,True,20
614D,614D,True,20
615V,,False,10
616N,,False,10
617C,,False,10
618T,,False,10
619E,,False,10
620V,,False,10
621P,,False,10
622V,,False,10
623A,,False,10
624I,,False,10
625H,,False,10
626A,,False,10
627D,,False,10
628Q,,False,10
629L,,False,10
630T,,False,10
631P,,False,10
632T,,False,10
633W,,False,10
634R,,False,10
635V,,False,10
636Y,,False,10
637S,,False,10
638T,,False,10
639G,,False,10
640S,,False,10
641N,,False,10
642V,,False,10
643F,,False,10
644Q,,False,10
645T,,False,10
646R,,False,10
647A,,False,10
648G,,False,10
649C,,False,10
650L,,False,10
651I,,False,10
652G,,False,10
653A,653A,True,20
654E,,False,10
655H,655H,True,20
656V,,False,10
657N,,False,10
658N,,False,10
659S,,False,10
660Y,,False,10
661E,,False,10
662C,,False,10
663D,,False,10
664I,,False,10
665P,,False,10
666I,,False,10
667G,,False,10
668A,,False,10
669G,,False,10
670I,,False,10
671C,,False,10
672A,,False,10
673S,,False,10
674Y,,False,10
675Q,,False,10
676T,,False,10
677Q,677Q,True,20
678T,,False,10
679N,679N,True,20
680S,,False,10
681P,681P,True,20
682R,,False,10
683R,,False,10
684A,,False,10
685R,,False,10
686S,,False,10
687V,,False,10
688A,,False,10
689S,,False,10
690Q,,False,10
691S,,False,10
692I,,False,10
693I,,False,10
694A,,False,10
695Y,,False,10
696T,,False,10
697M,,False,10
698S,,False,10
699L,,False,10
700G,,False,10
701A,701A,True,20
702E,,False,10
703N,,False,10
704S,,False,10
705V,,False,10
706A,,False,10
707Y,,False,10
708S,,False,10
709N,,False,10
710N,,False,10
711S,,False,10
712I,,False,10
713A,,False,10
714I,,False,10
715P,,False,10
716T,716T,True,20
717N,,False,10
718F,,False,10
719T,,False,10
720I,,False,10
721S,,False,10
722V,,False,10
723T,,False,10
724T,,False,10
725E,,False,10
726I,,False,10
727L,,False,10
728P,,False,10
729V,,False,10
730S,,False,10
731M,,False,10
732T,732T,True,20
733K,,False,10
734T,,False,10
735S,,False,10
736V,,False,10
737D,,False,10
738C,,False,10
739T,,False,10
740M,,False,10
741Y,,False,10
742I,,False,10
743C,,False,10
744G,,False,10
745D,,False,10
746S,,False,10
747T,,False,10
748E,,False,10
749C,,False,10
750S,,False,10
751N,,False,10
752L,,False,10
753L,,False,10
754L,,False,10
755Q,,False,10
756Y,,False,10
757G,,False,10
758S,,False,10
759F,,False,10
760C,,False,10
761T,,False,10
762Q,,False,10
763L,,False,10
764N,764N,True,20
765R,,False,10
766A,,False,10
767L,,False,10
768T,,False,10
769G,,False,10
770I,,False,10
771A,,False,10
772V,,False,10
773E,,False,10
774Q,,False,10
775D,,False,10
776K,,False,10
777N,,False,10
778T,,False,10
779Q,,False,10
780E,780E,True,20
781V,,False,10
782F,,False,10
783A,,False,10
784Q,,False,10
785V,,False,10
786K,,False,10
787Q,,False,10
788I,,False,10
789Y,,False,10
790K,,False,10
791T,,False,10
792P,,False,10
793P,,False,10
794I,,False,10
795K,,False,10
796D,796D,True,20
797F,,False,10
798G,,False,10
799G,,False,10
800F,,False,10
801N,,False,10
802F,,False,10
803S,,False,10
804Q,,False,10
805I,,False,10
806L,,False,10
807P,,False,10
808D,,False,10
809P,,False,10
810S,,False,10
811K,,False,10
812P,,False,10
813S,,False,10
814K,,False,10
815R,,False,10
816S,,False,10
817F,,False,10
818I,,False,10
819E,,False,10
820D,,False,10
821L,,False,10
822L,,False,10
823F,,False,10
824N,,False,10
825K,,False,10
826V,,False,10
827T,,False,10
828L,,False,10
829A,,False,10
830D,,False,10
831A,,False,10
832G,,False,10
833F,,False,10
834I,,False,10
835K,,False,10
836Q,,False,10
837Y,,False,10
838G,,False,10
839D,,False,10
840C,,False,10
841L,,False,10
842G,,False,10
843D,,False,10
844I,,False,10
845A,,False,10
846A,,False,10
847R,,False,10
848D,,False,10
849L,,False,10
850I,,False,10
851C,,False,10
852A,,False,10
853Q,,False,10
854K,,False,10
855F,,False,10
856N,856N,True,20
857G,,False,10
858L,,False,10
859T,859T,True,20
860V,,False,10
861L,,False,10
862P,,False,10
863P,,False,10
864L,,False,10
865L,,False,10
866T,,False,10
867D,,False,10
868E,,False,10
869M,,False,10
870I,,False,10
871A,,False,10
872Q,,False,10
873Y,,False,10
874T,,False,10
875S,,False,10
876A,,False,10
877L,,False,10
878L,,False,10
879A,,False,10
880G,,False,10
881T,,False,10
882I,,False,10
883T,,False,10
884S,,False,10
885G,,False,10
886W,,False,10
887T,,False,10
888F,888F,True,20
889G,,False,10
890A,,False,10
891G,,False,10
892A,,False,10
893A,,False,10
894L,,False,10
895Q,,False,10
896I,,False,10
897P,,False,10
898F,,False,10
899A,,False,10
900M,,False,10
901Q,,False,10
902M,,False,10
903A,,False,10
904Y,,False,10
905R,,False,10
906F,,False,10
907N,,False,10
908G,,False,10
909I,,False,10
910G,,False,10
911V,,False,10
912T,,False,10
913Q,,False,10
914N,,False,10
915V,,False,10
916L,,False,10
917Y,,False,10
918E,,False,10
919N,,False,10
920Q,,False,10
921K,,False,10
922L,,False,10
923I,,False,10
924A,,False,10
925N,,False,10
926Q,,False,10
927F,,False,10
928N,,False,10
929S,,False,10
930A,,False,10
931I,,False,10
932G,,False,10
933K,,False,10
934I,,False,10
935Q,,False,10
936D,,False,10
937S,,False,10
938L,,False,10
939S,,False,10
940S,,False,10
941T,,False,10
942A,,False,10
943S,,False,10
944A,,False,10
945L,,False,10
946G,,False,10
947K,,False,10
948L,,False,10
949Q,,False,10
950D,950D,True,20
951V,,False,10
952V,,False,10
953N,,False,10
954Q,954Q,True,20
955N,,False,10
956A,,False,10
957Q,,False,10
958A,,False,10
959L,,False,10
960N,,False,10
961T,,False,10
962L,,False,10
963V,,False,10
964K,,False,10
965Q,,False,10
966L,,False,10
967S,,False,10
968S,,False,10
969N,969N,True,20
970F,,False,10
971G,,False,10
972A,,False,10
973I,,False,10
974S,,False,10
975S,,False,10
976V,,False,10
977L,,False,10
978N,,False,10
979D,,False,10
980I,,False,10
981L,981L,True,20
982S,982S,True,20
983R,,False,10
984L,,False,10
985D,,False,10
986K,,False,10
987V,,False,10
988E,,False,10
989A,,False,10
990E,,False,10
991V,,False,10
992Q,,False,10
993I,,False,10
994D,,False,10
995R,,False,10
996L,,False,10
997I,,False,10
998T,,False,10
999G,,False,10
1000R,,False,10
1001L,,False,10
1002Q,,False,10
1003S,,False,10
1004L,,False,10
1005Q,,False,10
1006T,,False,10
1007Y,,False,10
1008V,,False,10
1009T,,False,10
1010Q,,False,10
1011Q,,False,10
1012L,,False,10
1013I,,False,10
1014R,,False,10
1015A,,False,10
1016A,,False,10
1017E,,False,10
1018I,,False,10
1019R,,False,10
1020A,,False,10
1021S,,False,10
1022A,,False,10
1023N,,False,10
1024L,,False,10
1025A,,False,10
1026A,,False,10
1027T,1027T,True,20
1028K,,False,10
1029M,,False,10
1030S,,False,10
1031E,,False,10
1032C,,False,10
1033V,,False,10
1034L,,False,10
1035G,,False,10
1036Q,,False,10
1037S,,False,10
1038K,,False,10
1039R,,False,10
1040V,,False,10
1041D,,False,10
1042F,,False,10
1043C,,False,10
1044G,,False,10
1045K,,False,10
1046G,,False,10
1047Y,,False,10
1048H,,False,10
1049L,,False,10
1050M,,False,10
1051S,,False,10
1052F,,False,10
1053P,,False,10
1054Q,,False,10
1055S,,False,10
1056A,,False,10
1057P,,False,10
1058H,,False,10
1059G,,False,10
1060V,,False,10
1061V,,False,10
1062F,,False,10
1063L,,False,10
1064H,,False,10
1065V,,False,10
1066T,,False,10
1067Y,,False,10
1068V,,False,10
1069P,,False,10
1070A,,False,10
1071Q,1071Q,True,20
1072E,,False,10
1073K,,False,10
1074N,,False,10
1075F,,False,10
1076T,,False,10
1077T,,False,10
1078A,,False,10
1079P,,False,10
1080A,,False,10
1081I,,False,10
1082C,,False,10
1083H,,False,10
1084D,,False,10
1085G,,False,10
1086K,,False,10
1087A,,False,10
1088H,,False,10
1089F,,False,10
1090P,,False,10
1091R,,False,10
1092E,1092E,True,20
1093G,,False,10
1094V,,False,10
1095F,,False,10
1096V,,False,10
1097S,,False,10
1098N,,False,10
1099G,,False,10
1100T,,False,10
1101H,1101H,True,20
1102W,,False,10
1103F,,False,10
1104V,,False,10
1105T,,False,10
1106Q,,False,10
1107R,,False,10
1108N,,False,10
1109F,,False,10
1110Y,,False,10
1111E,,False,10
1112P,,False,10
1113Q,,False,10
1114I,,False,10
1115I,,False,10
1116T,,False,10
1117T,,False,10
1118D,1118D,True,20
1119N,,False,10
1120T,,False,10
1121F,,False,10
1122V,,False,10
1123S,,False,10
1124G,,False,10
1125N,,False,10
1126C,,False,10
1127D,,False,10
1128V,,False,10
1129V,,False,10
1130I,1130I,True,20
1131G,,False,10
1132I,,False,10
1133V,,False,10
1134N,,False,10
1135N,,False,10
1136T,,False,10
1137V,,False,10
1138Y,,False,10
1139D,1139D,True,20
1140P,,False,10
1141L,,False,10
1142Q,,False,10
1143P,,False,10
1144E,,False,10
1145L,,False,10
1146D,,False,10
1147S,,False,10
1148F,,False,10
1149K,,False,10
1150E,,False,10
1151E,,False,10
1152L,,False,10
1153D,,False,10
1154K,,False,10
1155Y,,False,10
1156F,,False,10
1157K,,False,10
1158N,,False,10
1159H,,False,10
1160T,,False,10
1161S,,False,10
1162P,,False,10
1163D,,False,10
1164V,,False,10
1165D,,False,10
1166L,,False,10
1167G,,False,10
1168D,,False,10
1169I,,False,10
1170S,,False,10
1171G,,False,10
1172I,,False,10
1173N,,False,10
1174A,,False,10
1175S,,False,10
1176V,1176V,True,20
1177V,,False,10
1178N,,False,10
1179I,,False,10
1180Q,,False,10
1181K,,False,10
1182E,,False,10
1183I,,False,10
1184D,,False,10
1185R,,False,10
1186L,,False,10
1187N,,False,10
1188E,,False,10
1189V,,False,10
1190A,,False,10
1191K,,False,10
1192N,,False,10
1193L,,False,10
1194N,,False,10
1195E,,False,10
1196S,,False,10
1197L,,False,10
1198I,,False,10
1199D,,False,10
1200L,,False,10
1201Q,,False,10
1202E,,False,10
1203L,,False,10
1204G,,False,10
1205K,,False,10
1206Y,,False,10
1207E,,False,10
1208Q,,False,10
1209Y,,False,10
1210I,,False,10
1211K,,False,10
1212W,,False,10
1213P,,False,10
1214W,,False,10
1215Y,,False,10
1216I,,False,10
1217W,,False,10
1218L,,False,10
1219G,1219G,True,20
1220F,,False,10
1221I,,False,10
1222A,,False,10
1223G,,False,10
1224L,,False,10
1225I,,False,10
1226A,,False,10
1227I,,False,10
1228V,,False,10
1229M,,False,10
1230V,,False,10
1231T,,False,10
1232I,,False,10
1233M,,False,10
1234L,,False,10
1235C,,False,10
1236C,,False,10
1237M,,False,10
1238T,,False,10
1239S,,False,10
1240C,,False,10
1241C,,False,10
1242S,,False,10
1243C,,False,10
1244L,,False,10
1245K,,False,10
1246G,,False,10
1247C,,False,10
1248C,,False,10
1249S,,False,10
1250C,,False,10
1251G,,False,10
1252S,,False,10
1253C,,False,10
1254C,,False,10
1255K,,False,10
1256F,,False,10
1257D,,False,10
1258E,,False,10
1259D,,False,10
1260D,,False,10
1261S,,False,10
1262E,,False,10
1263P,,False,10
1264V,,False,10
1265L,,False,10
1266K,,False,10
1267G,,False,10
1268V,,False,10
1269K,,False,10
1270L,,False,10
1271H,,False,10
1272Y,,False,10
1273T,,False,10
