name,,name1,name2,pearsonr correlation,pearsonr p,spearmanr correlation,spearmanr p,total data,not null data,top3
A.23.1+E484K,0,BFE,co-conservation,,,,,1,1,V367F-Q613H(7.55)
A.23.1+E484K,1,BFE,edge centrality,,,,,1,1,V367F-Q613H(7.55)
A.23.1+E484K,2,stability,co-conservation,,,,,1,1,V367F-Q613H(-0.50)
A.23.1+E484K,3,stability,edge centrality,,,,,1,1,V367F-Q613H(-0.50)
A.27,0,BFE,co-conservation,,,,,1,1,L452R-N501Y(6.09)
A.27,1,BFE,edge centrality,,,,,1,1,L452R-N501Y(6.09)
A.27,2,stability,co-conservation,,,,,1,1,L452R-N501Y(-0.96)
A.27,3,stability,edge centrality,,,,,1,1,L452R-N501Y(-0.96)
AV.1,0,BFE,co-conservation,,,,,1,1,N439K-D614G(7.50)
AV.1,1,BFE,edge centrality,,,,,1,1,N439K-D614G(7.50)
AV.1,2,stability,co-conservation,,,,,1,1,N439K-D614G(-1.11)
AV.1,3,stability,edge centrality,,,,,1,1,N439K-D614G(-1.11)
AY.4.2,0,BFE,co-conservation,,,,,1,1,D614G-Y145H(7.26)
AY.4.2,1,BFE,edge centrality,,,,,1,1,D614G-Y145H(7.26)
AY.4.2,2,stability,co-conservation,,,,,1,1,D614G-Y145H(-1.35)
AY.4.2,3,stability,edge centrality,,,,,1,1,D614G-Y145H(-1.35)
B.1.1.7+L452R,0,BFE,co-conservation,,,,,1,1,L452R-N501Y(6.09)
B.1.1.7+L452R,1,BFE,edge centrality,,,,,1,1,L452R-N501Y(6.09)
B.1.1.7+L452R,2,stability,co-conservation,,,,,1,1,L452R-N501Y(-0.96)
B.1.1.7+L452R,3,stability,edge centrality,,,,,1,1,L452R-N501Y(-0.96)
B.1.351(Beta),0,BFE,co-conservation,,,,,1,1,D614G-A701V(7.87)
B.1.351(Beta),1,BFE,edge centrality,,,,,1,1,D614G-A701V(7.87)
B.1.351(Beta),2,stability,co-conservation,,,,,1,1,D614G-A701V(-0.31)
B.1.351(Beta),3,stability,edge centrality,,,,,1,1,D614G-A701V(-0.31)
B.1.351+E516Q,0,BFE,co-conservation,-0.10827563009392638,0.9309341919091447,0.5,0.6666666666666667,3,3,"D614G-A701V(7.87),E516Q-D614G(7.17),E516Q-A701V(7.03)"
B.1.351+E516Q,1,BFE,edge centrality,,,,,3,3,"D614G-A701V(7.87),E516Q-D614G(7.17),E516Q-A701V(7.03)"
B.1.351+E516Q,2,stability,co-conservation,-0.025403242608320276,0.9838260535805055,0.5,0.6666666666666667,3,3,"E516Q-A701V(-0.54),E516Q-D614G(-0.48),D614G-A701V(-0.31)"
B.1.351+E516Q,3,stability,edge centrality,,,,,3,3,"E516Q-A701V(-0.54),E516Q-D614G(-0.48),D614G-A701V(-0.31)"
B.1.351+P384L,0,BFE,co-conservation,1.0,1.0,0.9999999999999999,,2,2,"D614G-A701V(7.87),P384L-N501Y(6.19)"
B.1.351+P384L,1,BFE,edge centrality,-1.0,1.0,-0.9999999999999999,,2,2,"D614G-A701V(7.87),P384L-N501Y(6.19)"
B.1.351+P384L,2,stability,co-conservation,1.0,1.0,0.9999999999999999,,2,2,"P384L-N501Y(-0.58),D614G-A701V(-0.31)"
B.1.351+P384L,3,stability,edge centrality,-1.0,1.0,-0.9999999999999999,,2,2,"P384L-N501Y(-0.58),D614G-A701V(-0.31)"
B.1.526(Iota),0,BFE,co-conservation,,,,,1,1,D614G-A701V(7.87)
B.1.526(Iota),1,BFE,edge centrality,,,,,1,1,D614G-A701V(7.87)
B.1.526(Iota),2,stability,co-conservation,,,,,1,1,D614G-A701V(-0.31)
B.1.526(Iota),3,stability,edge centrality,,,,,1,1,D614G-A701V(-0.31)
B.1.621(Mu),0,BFE,co-conservation,,,,,1,1,R346K-D614G(7.56)
B.1.621(Mu),1,BFE,edge centrality,,,,,1,1,R346K-D614G(7.56)
B.1.621(Mu),2,stability,co-conservation,,,,,1,1,R346K-D614G(-0.16)
B.1.621(Mu),3,stability,edge centrality,,,,,1,1,R346K-D614G(-0.16)
BA.1(Omicron),0,BFE,co-conservation,0.13799510391441946,0.23452908193011887,0.08563226247436774,0.4620320067317254,89,76,"S375F-D614G(7.97),S477N-T478K(7.97),S371L-D614G(7.80)"
BA.1(Omicron),1,BFE,edge centrality,0.20853681464384255,0.07064023739716645,-0.10249908597112814,0.37827413797904896,89,76,"S375F-D614G(7.97),S477N-T478K(7.97),S371L-D614G(7.80)"
BA.1(Omicron),2,stability,co-conservation,0.11189791870806202,0.2964841425049656,-0.047114602973711416,0.6610684431078588,89,89,"T95I-G142D(-2.98),G142D-N501Y(-2.88),A67V-T95I(-1.24)"
BA.1(Omicron),3,stability,edge centrality,0.022265369389604377,0.8359260362393582,0.021307203321041673,0.8428943608865557,89,89,"T95I-G142D(-2.98),G142D-N501Y(-2.88),A67V-T95I(-1.24)"
BA.2(Omicron),0,BFE,co-conservation,0.22322235346307617,0.04124658900790381,0.20957780702642506,0.05570480535210273,97,84,"S371F-D614G(7.99),S375F-D614G(7.97),S477N-T478K(7.97)"
BA.2(Omicron),1,BFE,edge centrality,0.14297450005956366,0.19448491637238505,-0.2140474787139875,0.05057055591971768,97,84,"S371F-D614G(7.99),S375F-D614G(7.97),S477N-T478K(7.97)"
BA.2(Omicron),2,stability,co-conservation,0.03474844012415901,0.7354401044405575,-0.02871898721000711,0.7800606022691596,97,97,"G142D-N501Y(-2.88),T376A-D405N(-1.53),T376A-Q498R(-1.21)"
BA.2(Omicron),3,stability,edge centrality,0.006241727372385578,0.951616018356091,-0.07243701531876968,0.4807477758339598,97,97,"G142D-N501Y(-2.88),T376A-D405N(-1.53),T376A-Q498R(-1.21)"
BA.2 + L452X(Omicron),0,BFE,co-conservation,0.23880635266647982,0.02680567154540765,0.2202839756592292,0.041545466358886125,99,86,"S371F-D614G(7.99),S375F-D614G(7.97),S477N-T478K(7.97)"
BA.2 + L452X(Omicron),1,BFE,edge centrality,0.1425817487138934,0.19033036392706643,-0.23191278953489539,0.03166731037143205,99,86,"S371F-D614G(7.99),S375F-D614G(7.97),S477N-T478K(7.97)"
BA.2 + L452X(Omicron),2,stability,co-conservation,0.03474844012415901,0.7354401044405575,-0.02871898721000711,0.7800606022691596,99,97,"G142D-N501Y(-2.88),T376A-D405N(-1.53),T376A-Q498R(-1.21)"
BA.2 + L452X(Omicron),3,stability,edge centrality,0.006241727372385578,0.951616018356091,-0.07243701531876968,0.4807477758339598,99,97,"G142D-N501Y(-2.88),T376A-D405N(-1.53),T376A-Q498R(-1.21)"
C.1.2,0,BFE,co-conservation,,,,,1,0,
C.1.2,1,BFE,edge centrality,,,,,1,0,
C.1.2,2,stability,co-conservation,,,,,1,1,D614G-H655Y(-0.36)
C.1.2,3,stability,edge centrality,,,,,1,1,D614G-H655Y(-0.36)
P.1(Gamma),0,BFE,co-conservation,,,,,1,0,
P.1(Gamma),1,BFE,edge centrality,,,,,1,0,
P.1(Gamma),2,stability,co-conservation,,,,,1,1,D614G-H655Y(-0.36)
P.1(Gamma),3,stability,edge centrality,,,,,1,1,D614G-H655Y(-0.36)
